﻿{
"width":34,
"height":34,
"map":[ 4, 4, 4, 4, 4, 4, 4, 4, 4, 4, 4, 4, 4, 4, 4, 4, 4, 4, 4, 4, 4, 4, 4, 4, 4, 4, 4, 4, 4, 4, 4, 4, 4, 4,
 4, 7, 1, 1, 1, 1, 1, 1, 4, 1, 1, 1, 1, 1, 1, 1, 1, 1, 1, 1, 1, 1, 1, 1, 4, 4, 1, 1, 1, 1, 1, 1, 1, 4,
 4, 4, 4, 1, 4, 1, 4, 4, 4, 1, 4, 4, 4, 1, 4, 4, 4, 1, 4, 4, 4, 4, 4, 1, 1, 1, 1, 4, 4, 4, 4, 4, 1, 4,
 4, 1, 4, 1, 4, 1, 1, 1, 1, 1, 1, 1, 4, 1, 1, 1, 4, 1, 1, 1, 1, 1, 4, 1, 4, 4, 1, 1, 1, 4, 1, 4, 1, 4,
 4, 1, 4, 1, 4, 4, 4, 4, 4, 4, 4, 1, 4, 1, 4, 4, 4, 1, 4, 4, 4, 4, 4, 1, 1, 4, 1, 4, 1, 4, 1, 4, 1, 4,
 4, 1, 4, 1, 1, 1, 1, 4, 1, 1, 1, 1, 4, 1, 1, 1, 1, 1, 4, 1, 1, 1, 4, 4, 4, 4, 1, 4, 4, 4, 1, 4, 1, 4,
 4, 1, 4, 4, 4, 4, 1, 4, 1, 4, 4, 1, 4, 4, 4, 4, 4, 1, 4, 4, 4, 1, 1, 1, 1, 1, 1, 1, 1, 1, 1, 1, 1, 4,
 4, 1, 1, 1, 1, 1, 1, 1, 1, 1, 4, 1, 4, 1, 1, 1,16, 1, 1, 1, 4, 1, 4, 4, 4, 4, 4, 4, 4, 4, 4, 4, 1, 4,
 4, 1, 4, 4, 4, 4, 1, 4, 4, 1, 4, 1, 1, 1, 4, 1, 4, 4, 4, 4, 4, 1, 4, 1, 1, 1, 1, 1, 4, 1, 1, 1, 1, 4,
 4, 1, 1, 1, 1, 1, 1, 4, 1, 1, 4, 4, 4, 4, 4, 1, 4, 4, 1, 4, 1, 1, 4, 4, 4, 1, 4, 4, 4, 1, 4, 4, 4, 4,
 4, 4, 4, 1, 4, 4, 4, 4, 1, 4, 1, 1, 1, 1, 1, 1, 4, 1, 1, 4, 1, 1, 1, 1, 1, 1, 1, 1, 4, 1, 1, 1, 1, 4,
 4, 1, 1, 1, 1, 1, 1, 1, 1, 4, 4, 4, 1, 1, 4, 4, 4, 1, 4, 4, 4, 4, 4, 4,16, 4, 4, 4, 4, 4, 4, 4, 4, 4,
 4, 1, 4, 4, 4, 4, 4, 4, 4, 4, 1, 4, 1, 4, 4, 1, 1, 1, 1, 1, 1, 1, 1, 1, 1, 1, 1, 1, 1, 1, 1, 1, 1, 4,
 4, 1, 4, 1, 1, 1, 1, 1, 1, 1, 1, 4, 1, 1, 4, 4, 1, 4, 1, 1, 1, 4, 4, 4, 1, 4, 4, 4, 4, 1, 4, 4, 1, 4,
 4, 1, 4, 1, 4, 4, 4, 1, 1, 4, 4, 4, 4, 1, 1, 4, 1, 4, 4, 4, 1, 1, 1, 4, 1, 4, 1, 1, 4, 4, 4, 1, 1, 4,
 4, 1, 1, 1, 1, 1, 4, 4, 4, 4, 1, 1, 4, 4, 4, 4, 1, 4, 1, 4, 4, 4, 4, 4, 1, 4, 4, 1, 1, 1, 1, 1, 4, 4,
 4, 1, 4, 4, 4, 4, 4, 1, 1, 1, 4, 4, 4, 1, 1, 1, 1, 4, 1, 1, 1, 1, 1, 1, 1, 1, 4, 1, 4, 4, 4, 4, 4, 4,
 4, 1, 4, 1, 1, 1, 1, 1, 4, 1, 1, 1, 1, 1, 4, 1, 4, 4, 1, 4, 4, 4, 4, 4, 4, 4, 4, 1, 4, 1, 1, 1, 1, 4,
 4, 1, 4, 4, 4, 4, 4, 4, 4, 4, 4, 4, 4, 4, 4, 4, 4, 4, 1, 1, 1, 1, 1, 1, 4, 1, 1, 1, 1, 1, 4, 4, 1, 4,
 4, 1, 1, 1, 4, 1, 1, 1, 1, 4, 1, 1, 1, 4, 1, 1, 1, 4, 4, 4, 4, 4, 4, 1, 4, 1, 4, 4, 4, 4, 4, 1, 1, 4,
 4, 1, 4, 1,16, 1, 1, 4, 1, 4, 1, 4, 1, 1, 1, 4, 1, 1, 1, 1, 1, 1, 4, 1, 4, 1, 4, 1, 1, 1, 1, 1, 1, 4,
 4, 1, 4, 1, 4, 4, 4, 4, 1, 4, 1, 4, 4, 4, 4, 4, 4, 4, 1, 4, 4, 1, 4, 1, 4, 1, 4, 1, 4, 4, 4, 4, 1, 4,
 4, 1, 4, 1, 4, 1, 1, 1, 1, 4, 1, 1, 1, 1, 1, 1, 1, 4, 1, 4, 1, 1, 4, 1, 4, 1, 4, 1, 4, 1, 4, 4, 1, 4,
 4, 1, 1, 1, 4, 1, 4, 4, 4, 4, 4, 4, 4, 4, 4, 4, 4, 4, 1, 4, 4, 4, 4, 1, 4, 4, 4, 1, 1, 1, 1, 4, 1, 4,
 4, 4, 4, 4, 4, 1, 4, 1, 1, 1, 1, 1, 1, 1, 1, 1, 1, 1, 1, 1, 1, 1, 4, 1, 1, 4, 4, 4, 4, 4, 1, 4, 4, 4,
 4, 1, 1, 1, 1, 1, 4, 1, 4, 4, 4, 4, 4, 4, 4, 4, 4, 4, 4, 1, 4, 4, 4, 1, 1, 1, 1, 4, 1, 4, 1, 1, 1, 4,
 4, 1, 4, 4, 4, 1, 4, 1, 1, 1, 1, 1, 1, 1, 1, 4, 1, 1, 4, 1, 4, 1, 4, 1, 4, 4, 4, 4, 1, 1, 1, 1, 1, 4,
 4, 1, 4, 1, 1, 1, 4, 1, 4, 4, 4, 4, 4, 4, 1, 4, 1, 4, 1, 1, 4, 1, 4, 1, 4, 1, 1, 1, 1, 4, 4, 4, 4, 4,
 4, 1, 4, 1, 4, 1, 4, 1, 1, 1, 1, 1, 1, 4, 1, 4, 1, 4, 4, 4, 4, 1, 4, 1, 4, 4, 4, 4, 4, 4, 1, 1, 1, 4,
 4, 1, 4, 1, 4, 1, 4, 1, 1, 4, 4, 4, 1, 4, 1, 4, 1, 1, 4, 4, 1, 1, 4, 1, 1, 4, 1, 1, 1, 1, 4, 4, 1, 4,
 4, 1, 4, 1, 4, 1, 1, 1, 1, 1, 1, 1, 1, 4, 1, 4, 4, 4, 1, 4, 4, 1, 4, 4, 1, 1, 1, 4, 4, 1, 4, 1, 1, 4,
 4, 1, 4, 1, 4, 4, 4, 4, 4, 1, 4, 4, 4, 4, 1, 4, 1,16, 4, 1, 1, 4, 1, 4,16, 4, 4, 4, 4, 1, 4,10, 4, 4,
 4, 1, 1, 1, 4, 1, 1, 1, 1, 1, 1, 1, 1, 1, 1, 4, 1, 4, 4, 1, 4,4 , 1, 1, 1, 1, 1, 1, 4, 1, 4, 1, 8, 4,
 4, 4, 4, 4, 4, 4, 4, 4, 4, 4, 4, 4, 4, 4, 4, 4, 4, 4, 4, 4, 4, 4, 4, 4, 4, 4, 4, 4, 4, 4, 4, 4, 4, 4
],
"tiles":"tiles1.png",
"water":"water1.png",
"entrance":[1,1],
"multiexit":[[33,33],[32,32]],
"items": [
{"kind":"IronKey","x":11,"y":15},
{"kind":"Ration","x":32,"y":10,"quantity":3},
{"kind":"PotionOfHealing","x":32,"y":10,"quantity":2},
{"kind":"PotionOfMight","x":3,"y":32},
{"kind":"PotionOfMight","x":5,"y":32},
{"kind":"PotionOfMight","x":12,"y":29},
{"kind":"PotionOfExperience","x":16,"y":32},
{"kind":"PotionOfExperience","x":21,"y":26},
{"kind":"PotionOfLiquidFlame","x":27,"y":32}
],
"objects" : [
{"kind" : "Sign", "x" : 32, "y" : 10, "text" :  "Всем добравшимся сюда искренне желаю передохнуть. \n\n Это был краткий тест на степень вашей оптимистичности."}
]
}