{
"width":37,
"height":37,
"map":[ 4, 4, 4, 4, 4, 4, 4, 4, 4, 4, 4, 4, 4, 4, 4, 4, 4, 4, 4, 4, 4, 4, 4, 4, 4, 4, 4, 4, 4, 4, 4, 4, 4, 4, 4, 4, 4,
 4, 1, 4, 1, 1, 1, 1, 1, 1, 1, 1, 1, 1, 1, 1, 1, 1, 1, 4, 1, 1, 1, 1, 1, 1, 1, 1, 1, 1, 4, 1, 1, 1, 1, 4, 1, 4,
 4, 4,16, 1, 4, 1, 4, 4, 4, 4, 4, 4, 4, 4, 4, 4, 4, 1, 4,20, 4, 4, 4, 4, 4, 4, 1, 4, 4, 4, 1, 4, 4, 1,16, 4, 4,
 4, 1, 1, 1, 4, 1, 1, 1, 4, 1, 1, 1, 1, 1, 1, 1, 4, 4, 4, 1, 4, 1, 1, 1, 1, 4, 1, 1, 1, 4, 1, 1, 4, 1, 1, 1, 4,
 4, 1, 4, 4, 4, 1, 4, 1, 1, 1, 4, 4, 4, 4, 4, 1, 1, 1, 1, 1, 4, 4, 4, 4, 1, 4, 4, 4, 1, 4, 4, 1, 4, 4, 4, 1, 4,
 4, 1, 1, 1, 4, 4, 4, 4, 4, 4, 4, 1, 1, 1, 4, 4, 4, 4, 4, 4, 1, 1, 1, 1, 1, 4, 1, 4, 1, 1, 1, 1, 1, 1, 4, 1, 4,
 4, 1, 4,33, 1, 1, 1, 1, 4, 1, 1, 1, 1, 4, 4, 4, 1, 1, 1, 4, 4, 4, 4, 4, 1, 1, 1, 4, 4, 4, 4, 1, 4, 4, 4,38, 4,
 4, 1, 4, 4, 4, 4, 4, 1, 1, 1, 4, 4, 4, 4, 1, 4, 4, 4, 1, 1, 1, 1, 1, 4, 1, 4, 1, 4, 1, 1, 1, 1, 1, 1, 4, 1, 4,
 4, 1, 1, 1, 1, 1, 4, 1, 4, 4, 4, 4, 4, 4, 1, 1, 1, 4, 4, 4, 4, 4, 1, 4, 1, 4, 4, 4, 4, 1, 4,33, 4, 1, 4, 4, 4,
 4, 1, 4, 4, 4, 1, 4, 1, 1, 1, 1,16, 1, 4, 1, 4, 1, 1, 1, 1, 1, 1, 1, 4, 1, 4, 1, 1, 1, 1, 4, 1, 4, 1, 1, 1, 4,
 4, 1, 4, 1, 4, 1, 4, 1, 4, 4, 1, 4, 4, 4,16, 4, 4, 4, 4, 4, 4, 4, 4, 4, 4, 4, 4, 4, 4, 4, 4, 4, 4, 4,16, 4, 4,
 4, 1, 4, 1, 4, 1, 4, 1, 4, 1, 1, 4, 7, 1, 1, 4, 1, 4, 1, 1, 1, 4, 1, 1, 1, 4, 4, 4, 1, 1, 1, 4, 1, 1, 1, 4, 4,
 4, 1, 1, 1, 4, 1, 4, 1, 4, 1, 4, 4, 1, 1, 1, 4, 1, 4, 1, 4, 4, 4, 1, 4, 1, 1, 1, 1, 1, 4, 1, 1, 1, 4, 1, 1, 4,
 4, 4, 4, 4, 4, 1, 4, 1, 4, 1, 1,16, 1, 1, 1, 4, 1, 1, 1, 4, 1, 1, 1, 4, 4,16, 4, 1, 4, 4, 4, 1, 4, 4, 4, 1, 4,
 4, 1, 1, 1, 1, 1, 4, 1, 4, 1, 4, 4, 4, 4, 4, 4, 1, 4, 1, 4, 1, 4, 4, 4, 1, 4, 4, 1, 1, 1, 4, 1, 4, 1, 4, 1, 4,
 4, 1, 4, 4, 4, 1, 4, 1, 4, 1, 1, 4, 1, 4, 1, 1, 1, 4, 1, 4, 1, 4, 1, 4, 4,16, 4, 4, 4, 1, 4, 1, 4, 1, 4, 1, 4,
 4, 1, 4, 1, 1, 1, 4, 1, 4, 4, 1, 4, 1, 4, 4, 4, 4, 4, 1, 1, 1, 4, 1, 1, 1, 1, 1, 1, 4, 1, 4, 1, 1, 1, 4, 1, 4,
 4, 1, 4, 1, 1, 1, 4, 1, 1, 4, 1, 4, 1, 1, 1, 1, 1, 4, 4, 4, 4, 4, 4,10, 4, 4, 4, 1, 4, 4, 4, 1, 4, 4, 4, 1, 4,
 4, 1, 4, 4, 4, 1, 4, 4, 1, 4, 1, 4, 1, 4, 1, 4, 4, 4, 4, 4, 1, 1, 4,10, 4, 1, 1, 1, 1, 4, 1, 1, 1, 4, 1, 1, 4,
 4, 1, 1, 1, 1, 1, 4, 4, 1, 1, 1, 4, 1, 4, 1, 4, 1, 4, 1, 4, 4, 1, 4,10, 4, 4, 1, 4, 4, 4, 1, 4, 1, 4, 1, 4, 4,
 4, 4, 4, 4, 4, 1, 4, 4, 4, 4, 4, 4, 4, 4, 1, 4,13, 4,13, 4, 1, 1, 4,10, 4, 1, 1, 4, 1,13, 1, 1, 1, 1, 1, 1, 4,
 4, 1, 1, 1, 4, 1, 1, 1, 1, 1, 1, 4, 1, 1, 1, 4, 1,16, 1, 4, 4, 1, 4, 1, 4, 1, 4, 4, 4, 4, 4,16, 4, 1, 4, 1, 4,
 4, 1, 4, 4, 4, 4, 4, 4, 4, 4, 1, 4, 1, 4, 1, 1, 1, 1, 1, 1, 1, 1, 4, 8, 4, 1, 1, 1, 1, 1, 4,16, 4, 1, 1, 1, 4,
 4, 1, 1, 1, 1, 1, 1, 1, 1, 4, 1, 4, 1, 4, 4, 4, 4, 1, 4, 1, 4, 4, 4, 4, 4, 4, 1, 4, 4, 4, 4,16, 4, 1, 4, 1, 4,
 4, 1, 4, 4, 4,28, 4, 4, 4, 4, 1, 4, 1, 1, 1, 1, 4, 1, 1, 1, 1, 1, 4, 1, 4, 1, 1, 4, 1, 4, 2, 2, 2, 1, 1, 1, 4,
 4, 1, 4, 1, 1, 1, 1, 1, 1, 4, 1, 4, 1, 4, 4, 1, 4, 1, 4, 4, 4, 1, 4, 1, 4, 4, 1, 4, 4,13, 2, 1, 1, 1, 4, 1, 4,
 4, 1, 4, 4, 4, 4, 1, 4, 4, 4, 1, 4, 1, 1, 4, 1, 1, 1, 4,28, 1, 1, 4, 1, 4, 1, 1, 4, 1, 1, 1, 1, 1, 4, 4, 4, 4,
 4, 1, 1, 1, 4, 1, 1, 1, 1, 1, 1, 4, 4, 1, 4, 1, 4,16, 4, 4, 1, 1, 4, 1, 4, 1, 4,16, 4, 1, 1, 1, 1, 1, 1, 1, 4,
 4, 4,16, 1, 4, 4, 4, 4, 4, 4, 1,16, 1, 1, 4, 4, 4, 4, 4,16, 1, 4, 4,16, 4, 4, 1, 4, 4, 4, 4, 4, 4, 4, 4, 1, 4,
 4, 1, 4, 1, 1, 1, 1, 1, 1, 4, 1, 4, 4, 1, 1, 1, 4, 4, 4, 4, 1, 1, 1, 1, 1, 1, 1, 4, 1, 1, 1, 1, 1, 1, 1, 1, 4,
 4, 4, 4, 4, 4, 4, 4, 4, 4, 4, 4, 4, 4, 4, 4, 4, 4, 4, 4, 4, 4, 4, 4, 4, 4, 4, 4, 4, 4, 4, 4, 4, 4, 4, 4, 4, 4,
 4, 4, 4, 4, 4, 4, 4, 4, 4, 4, 4, 4, 4, 4, 4, 4, 4, 4, 4, 4, 4, 4, 4, 4, 4, 4, 4, 4, 4, 4, 4, 4, 4, 4, 4, 4, 4,
 4, 4, 4, 4, 4, 4, 4, 4, 4, 4, 4, 4, 4, 4, 4, 4, 4, 4, 4, 4, 4, 4, 4, 4, 4, 4, 4, 4, 4, 4, 4, 4, 4, 4, 4, 4, 4,
 4, 4, 4, 4, 4, 4, 4, 4, 4, 4, 4, 4, 4, 4, 4, 4, 4, 4, 4, 4, 4, 4, 4, 4, 4, 4, 4, 4, 4, 4, 4, 4, 4, 4, 4, 4, 4,
 4, 4, 4, 4, 4, 4, 4, 4, 4, 4, 4, 4, 4, 4, 4, 4, 4, 4, 4, 4, 4, 4, 4, 4, 4, 4, 4, 4, 4, 4, 4, 4, 4, 4, 4, 4, 4,
 4, 4, 4, 4, 4, 4, 4, 4, 4, 4, 4, 4, 4, 4, 4, 4, 4, 4, 4, 4, 4, 4, 4, 4, 4, 4, 4, 4, 4, 4, 4, 4, 4, 4, 4, 4, 4,
 4, 4, 4, 4, 4, 4, 4, 4, 4, 4, 4, 4, 4, 4, 4, 4, 4, 4, 4, 4, 4, 4, 4, 4, 4, 4, 4, 4, 4, 4, 4, 4, 4, 4, 4, 4, 4
],
"tiles":"tiles1.png",
"water":"water1.png",
"entrance":[12,11],
"multiexit":[[36,36],[23,22]],
"items": [
{"kind":"PotionOfLiquidFlame","x":1,"y":1},
{"kind":"PotionOfLiquidFlame","x":12,"y":9},
{"kind":"PotionOfLiquidFlame","x":1,"y":29},
{"kind":"PotionOfLiquidFlame","x":23,"y":24},
{"kind":"IronKey","x":16,"y":19},
{"kind":"IronKey","x":18,"y":19},
{"kind":"IronKey","x":28,"y":20},
{"kind":"IronKey","x":28,"y":24},
{"kind":"PotionOfMight","x":36,"y":1}
],
"objects" : [
{"kind" : "Sign", "x" : 12, "y" : 12, "text" : "Постарайся не потратить свои зелья впустую."}
]
}