{
"width":40,
"height":40,
"map":[ 4, 4, 4, 4, 4, 4, 4, 4, 4, 4, 4, 4, 4, 4, 4, 4, 4, 4, 4, 4, 4, 4, 4, 4, 4, 4, 4, 4, 4, 4, 4, 4, 4, 4, 4, 4, 4, 4, 4, 4,
 4, 1,16, 0, 0, 0, 0, 0, 0, 0, 0, 0, 0, 0, 0, 0, 0, 0, 0, 0, 0, 0, 0, 1, 4, 1, 1, 1, 1, 4, 1, 1, 1, 1, 1, 1, 1, 1, 1, 4,
 4, 1, 4, 0, 0, 0, 0, 0, 0, 0, 0, 0, 0, 0, 0, 0, 0, 0, 0, 0, 0, 0, 1, 1, 4, 4, 1, 4, 4, 4,16, 4, 4, 4, 4, 4, 1, 4, 1, 4,
 4,11, 4,11, 0, 0, 0, 0, 0, 0, 0, 0, 0, 0, 0, 0, 0, 0, 0, 0, 0, 1, 1, 1, 5, 1, 1, 4, 1, 1, 1, 4, 1, 1, 1, 1, 1, 4, 1, 4,
 4, 1, 4, 0, 0, 0, 0, 0, 0, 0, 0, 0, 0, 0, 0, 0, 0, 0, 0, 0, 0, 0, 1, 1, 4, 1, 4, 4, 1, 4, 4, 4, 1, 4, 4, 4, 4, 4, 1, 4,
 4, 1,16, 0, 0, 0, 0, 0, 0, 0, 0, 0, 0, 0, 0, 0, 0, 0, 0, 0, 0, 0, 0, 1, 4, 1, 1, 1, 1, 4, 1, 1, 1, 4, 1, 1, 1, 1, 1, 4,
 4, 4, 4, 4, 4, 4, 4, 4, 4, 4, 4, 4, 4, 4, 4, 4, 4, 4, 4, 4, 4, 4, 4, 4, 4, 4, 4, 4, 4, 4, 4, 4, 4, 4,16, 4, 4, 4, 4, 4,
 4, 4, 4, 7, 1, 1, 1, 1, 4, 1, 1, 1, 1, 1, 1, 1, 4, 4, 1, 1, 4, 1, 1, 4, 1, 1, 1, 4, 1, 1, 1, 4, 1, 1, 1, 1, 1, 1, 1, 4,
 4, 4, 4, 4, 4, 1, 4, 1, 1, 1, 4, 4, 4, 1, 4, 1, 1, 4, 1, 1, 1, 1, 4, 4, 1, 4, 1, 4, 1, 4, 1, 4, 4, 4, 1, 4, 4, 4, 1, 4,
 4, 4, 4, 1, 1, 1, 4, 4, 1, 4, 4, 1, 4, 1, 4, 4, 1, 1, 1, 4, 1, 4, 4, 1, 1, 4, 4, 4, 4, 4, 1, 1, 1, 4,33, 4, 1, 4, 1, 4,
 4, 4, 4, 1, 4, 1, 1, 1, 1, 4, 1, 1, 4, 1, 4, 4, 4, 4, 4, 4, 1,16, 1, 1, 4, 4, 1, 1, 1, 1, 1, 4, 1, 4, 1, 4, 1, 4, 4, 4,
 4, 4, 4, 1, 4, 4, 1, 4, 1, 4, 4, 1, 4, 4, 1, 1, 1, 1, 1, 1, 1, 4, 4, 1, 4, 4, 1, 4, 4, 4, 4, 4, 1, 4, 1, 1, 1, 1, 1, 4,
 4, 4, 4, 1, 1, 4, 1, 4, 1,16, 1, 1, 1, 4, 4, 1, 4, 4, 4, 1, 1, 1, 1, 1, 1, 1, 1, 4, 1, 1, 4, 1, 1, 4, 4, 4, 4, 1, 4, 4,
 4, 4, 4, 1, 4, 4, 1, 4, 1, 4, 4, 4, 1, 1, 4, 1, 4, 1, 1, 1, 4, 4, 4,16, 4, 4, 4, 4, 1, 4, 4, 4, 1, 1, 1,20, 1, 1, 1, 4,
 4, 4, 4, 1, 4, 1, 1, 1, 1, 4, 4, 4, 4, 1, 1, 1, 1, 1, 4, 1, 4, 1, 4, 1, 1, 1, 1, 1, 1, 4, 4, 4, 4, 4, 1, 4, 4, 4, 4, 4,
 4, 4, 4, 1, 4, 1, 4, 1, 4, 4, 4, 4, 4, 1, 4, 4, 1, 4, 4, 1, 1, 1, 4, 1, 4, 4, 1, 4, 1, 1, 4, 4, 4, 4, 1, 4, 1, 1, 1, 4,
 4, 4, 4, 1, 4, 1, 1, 1, 1, 1, 1, 1,38, 1, 1, 1, 1, 4, 1, 1, 4, 1, 1, 1, 1, 4, 1, 4, 4, 1, 1, 4, 4, 4, 1, 4, 1, 4, 4, 4,
 4, 4, 4, 1, 4, 4, 4, 1, 4, 4, 4, 1, 4, 1, 1, 4, 1, 1, 1, 4, 4, 4, 1, 4, 1, 1, 1, 1,16, 1, 1, 1, 4, 1, 1, 4, 1, 4, 1, 4,
 4, 4, 4, 1, 1, 1, 4, 1, 1, 1, 4, 1, 4, 4, 1, 4, 4, 4, 4, 4, 1, 4, 1, 1, 4, 1, 4, 1, 4, 1, 1, 1, 4, 1, 4, 4, 1, 4, 1, 4,
 4, 4, 4, 4, 4, 1, 4, 1, 4, 1, 1, 1, 1, 4, 1, 1, 1, 1, 4, 1, 1, 1, 1, 4, 4, 4, 1, 1, 4, 4, 4, 1, 4, 4, 4, 1, 1, 1, 1, 4,
 4, 4, 4, 1, 1, 1, 1, 1, 4, 4, 4, 4,16, 4, 1, 1, 4, 1,16, 1, 4, 1, 4, 1, 4, 1, 1, 1, 1, 1, 4, 1, 1, 1, 1, 1, 4, 4, 4, 4,
 4, 4, 4,16, 4, 4, 4, 1, 1, 1, 1, 4, 1, 4, 1, 1, 4, 1, 4, 1, 4, 1, 1, 1, 1, 4, 1, 4, 1, 4, 4, 4, 4, 4, 4, 1, 4, 1, 1, 4,
 4, 4, 4, 1, 4, 1, 4, 4, 1, 4, 4, 4, 1, 4, 4, 1, 4, 1, 4, 4, 4, 1, 4, 4, 1, 1, 1, 4, 1, 4, 8, 1, 1, 4, 1, 1, 4, 4, 1, 4,
 4, 4, 4, 1, 1, 1, 4, 1, 1, 4, 1, 1, 1, 1, 4,16, 4, 4, 4, 4, 4, 4, 4, 4, 4, 4, 4, 4,10, 4, 4, 1, 4, 4, 4, 4, 4, 1, 1, 4,
 4, 4, 4, 1, 4, 1, 1, 1, 4, 4, 1, 4, 4, 1, 4, 1, 1, 1, 1, 4, 1, 1, 1, 1, 1, 1, 4, 4, 1, 1, 4, 1, 1, 1, 1, 1, 1, 1, 4, 4,
 4, 4, 4, 1, 4, 4, 4, 1,16, 1,28, 4, 4, 4, 4, 1, 4, 1, 4, 4, 1, 4, 1, 4, 4, 1, 1, 1, 1, 4, 4, 4, 1, 4, 1, 4, 4, 4, 4, 4,
 4, 4, 4, 1, 1, 1, 4, 4, 4, 4, 1, 1, 1, 1, 1, 1, 4, 1,10, 1, 1, 1, 1, 1, 4, 1, 4, 4, 1, 1, 4, 1, 1, 4, 1, 1, 1, 1, 4, 4,
 4, 4, 4, 4, 4, 1, 1, 4, 1, 4, 1, 1, 4, 1, 4, 1, 4, 1, 4, 4, 1, 4, 4, 1, 1, 1, 4, 1, 1, 4, 4,16, 4, 4, 4, 1, 4, 1, 1, 4,
 4, 4, 4, 1, 4, 4, 1, 4, 1, 4, 1, 4, 4, 1, 4, 1, 1, 1, 1, 4, 1, 1, 4, 4, 4, 1, 4, 1, 4, 4, 1, 1, 1, 4, 1, 1, 4, 4, 1, 4,
 4, 4, 4, 1, 1, 1, 1, 1, 1, 4, 1, 1, 4, 1, 4, 1, 4, 4, 1, 4, 4, 1, 1, 1, 1, 1, 1, 1, 4, 1, 1, 4, 4, 4, 1, 1, 1, 1, 1, 4,
 4, 4, 4,16, 4, 4, 4, 4, 1, 4, 4, 1, 1, 1, 1, 1, 1, 1, 1, 1, 4, 4, 4, 4, 4, 4, 1, 1, 1, 1, 4, 4, 1, 4, 1, 4, 4, 4, 4, 4,
 4, 4, 4, 1, 4, 4, 1, 1, 1, 1,16, 1, 4, 1, 4, 4, 4, 1, 4, 1, 1, 1, 1, 1, 1, 4, 4, 4, 1, 4, 4, 4, 4, 1, 1, 4, 1, 1, 1, 4,
 4, 4, 4, 1, 1, 4, 1, 4, 1, 1, 4, 1, 4, 1, 1, 1, 4, 1, 1, 1, 4, 4, 4, 4, 4, 4, 1, 1, 1, 4, 4, 4, 4, 1, 4, 4, 1, 4, 1, 4,
 4, 4, 4, 4, 1, 4, 4, 4, 1, 4, 4, 1, 4, 4, 4, 1, 4, 1, 4, 1, 1, 1, 1, 4, 1, 1, 1, 4, 1, 4, 1, 1, 4, 1, 1, 4, 4, 4, 1, 4,
 4, 4, 4, 1, 1, 1, 1, 1, 1, 4, 1, 1, 1, 1, 4, 1, 1, 1, 4, 4, 4, 4, 4, 4, 1, 4, 4, 4, 1, 4, 4, 1, 4, 4, 1, 1, 1, 1, 1, 4,
 4, 4, 4, 1, 4, 1, 4, 4, 4, 4, 1, 4, 4, 4, 4, 4, 1, 1, 1, 4, 1, 1, 1, 1, 1, 4, 1, 1, 1, 1, 1, 1, 4, 1, 1, 4, 4, 4, 4, 4,
 4, 4, 4, 1, 4, 1, 1, 1, 1, 1, 1, 4, 1, 1, 1, 4, 4, 4, 1,10, 1, 4, 4, 4, 1, 1, 1, 4,16, 4, 4, 1, 1, 4, 1, 1, 4, 1, 1, 4,
 4, 4, 4, 1, 4, 4, 4, 4, 4, 4, 4, 4, 1, 4, 4, 4, 1, 4, 1, 4, 4, 4, 1, 4, 1, 4, 4, 4, 1, 4, 1, 4, 1, 4, 4, 1, 4, 4, 1, 4,
 4, 4, 4, 1, 1, 1, 1, 1, 1, 1, 1, 1, 1, 1,38, 1, 1, 4, 1, 1, 1, 1, 1, 4, 1, 1, 1, 1, 1, 4, 1, 1, 1, 1, 1, 1, 1, 1, 1, 4,
 4, 4, 4, 4, 4, 4, 4, 4, 4, 4, 4, 4, 4, 4, 4, 4, 4, 4, 4, 4, 4, 4, 4, 4, 4, 4, 4, 4, 4, 4, 4, 4, 4, 4, 4, 4, 4, 4, 4, 4
],
"tiles":"tiles1.png",
"water":"water1.png",
"entrance":[3,7],
"multiexit":[[39,39],[30,22]],
"items": [
{"kind":"IronKey","x":3,"y":3},
{"kind":"PotionOfLevitation","x":1,"y":3},
{"kind":"OverpricedRation","x":16,"y":37}
]
}