﻿{
   "width":25,
   "height":25,
   "map":[ 4, 4, 4, 4, 4, 4, 4, 4, 4, 4, 4, 4, 4, 4, 4, 4, 4, 4, 4, 4, 4, 4, 4, 4, 4,
           4, 1, 1, 1, 1, 4, 4, 4, 4, 4, 4, 1, 1, 1, 4, 4, 4, 4, 4, 4, 1, 1, 1, 1, 4,
           4, 1, 1, 1, 1, 4, 1, 1, 1, 1,16, 1, 1, 1,16, 1, 1, 1, 1, 4, 1, 1, 1, 1, 4,
           4, 1, 1, 1, 1, 4, 1, 4, 4, 4, 4, 1, 1, 1, 4, 4, 4, 4, 1, 4, 1, 1, 1, 1, 4,
           4, 1, 1, 1, 1, 4, 1, 4, 1, 1, 4, 1, 1, 1, 4, 1, 1, 4, 1, 4, 1, 1, 1, 1, 4,
           4, 4, 4,16, 4, 4, 1, 4, 4, 1, 4, 4, 5, 4, 4, 1, 4, 4, 1, 4, 4,16, 4, 4, 4,
           4, 1, 4, 1, 4, 4, 1, 4, 4, 1, 4, 4, 1, 4, 4, 1, 4, 4, 1, 4, 4, 1, 4, 1, 4,
           4, 1, 4, 1, 1, 1, 1, 1, 1, 1, 4, 4, 1, 4, 4, 1, 1, 1, 1, 1, 1, 1, 4, 1, 4,
           4, 1, 4, 1, 4, 4, 4, 4, 4, 1, 4, 4, 1, 4, 4, 1, 4, 4, 4, 4, 4, 1, 4, 1, 4,
           4, 1, 4, 1, 1, 1, 1, 1, 4, 1, 4, 4, 1, 4, 4, 1, 4, 1, 1, 1, 1, 1, 4, 1, 4,
           4, 1, 4, 1, 4, 4, 4, 1, 4, 1, 4, 4,10, 4, 4, 1, 4, 1, 4, 4, 4, 1, 4, 1, 4,
           4, 1, 4, 1, 4, 1, 1, 1, 4, 1, 4, 1, 1, 1, 4, 1, 4, 1, 1, 1, 4, 1, 4, 1, 4,
           4, 1, 1, 1, 4, 4, 4, 4, 4, 4, 4, 1, 8, 1, 4, 4, 4, 4, 4, 4, 4, 1, 4, 1, 4,
           4, 1, 4, 1, 4, 1, 1, 1, 1, 1, 4, 1, 1, 1, 4, 1, 1, 1, 1, 1, 4, 1, 1, 1, 4,
           4, 1, 4, 1, 4, 4, 4, 1, 4, 1, 4, 4, 4, 4, 4, 1, 4, 1, 4, 4, 4, 1, 4, 1, 4,
           4, 1, 4, 1, 4, 1, 1, 1, 4, 1, 1, 1, 1, 1, 1, 1, 4, 1, 1, 1, 4, 1, 4, 1, 4,
           4, 1, 4, 1, 4, 1, 4, 4, 4, 4, 4, 4, 1, 4, 4, 4, 4, 4, 4, 1, 4, 1, 4, 1, 4,
           4, 1, 4, 1, 1, 1, 4, 1, 1, 1, 1, 4, 1, 4, 1, 1, 1, 1, 4, 1, 1, 1, 4, 1, 4,
           4, 1, 4, 1, 4, 4, 4, 4, 4, 4, 1, 1, 1, 1, 1, 4, 4, 4, 4, 4, 4, 1, 4, 1, 4,
           4, 4, 4, 5, 4, 4, 1, 1, 1, 1, 1, 4, 1, 4, 1, 1, 1, 1, 1, 4, 4, 5, 4, 4, 4,
           4, 1, 1, 1, 1, 4, 4, 1, 4, 4, 1, 4, 1, 4, 1, 4, 4, 1, 4, 4, 1, 1, 1, 1, 4,
           4, 1, 1, 1, 1, 4, 4, 1, 4, 4, 4, 4, 1, 4, 4, 4, 4, 1, 4, 4, 1, 1, 1, 1, 4,
           4, 1, 7, 1, 1, 5, 1, 1, 1, 1, 1, 1, 1, 1, 1, 1, 1, 1, 1, 5, 1, 1, 1, 1, 4,
           4, 1, 1, 1, 1, 4, 4, 4, 4, 4, 4, 4, 4, 4, 4, 4, 4, 4, 4, 4, 1, 1, 1, 1, 4,
           4, 4, 4, 4, 4, 4, 4, 4, 4, 4, 4, 4, 4, 4, 4, 4, 4, 4, 4, 4, 4, 4, 4, 4, 4
   ],
   "tiles":"tiles0.png",
   "water":"water0.png",
   "entrance":[2,22],
   "multiexit":[[24,24],[12,12]],
   "objects" = [
   {"kind"="Sign", "x"=2, "y"=21, "text"="Это второй уровень в моде \"Maze\".\n\n Не все двери видны с первого взгляда. Обнаружить скрытые двери помогает кнопка \"Поиск\"."}
   ],
   "items" = [
   {"kind"="Ration", "x"=2, "y"=2},
   {"kind"="IronKey", "x"=22, "y"=2},
   {"kind"="PotionOfFrost", "x"=5, "y"=11},
   {"kind"="PotionOfMight", "x"=22, "y"=22}
   ]
   }