﻿{
"width":25,
"height":25,
"map":[ 4, 4, 4, 4, 4, 4, 4, 4, 4, 4, 4, 4, 4, 4, 4, 4, 4, 4, 4, 4, 4, 4, 4, 4, 4,
 4, 1, 1, 1, 1, 4, 4, 4, 4, 4, 4, 4, 4, 4, 1, 1, 1, 4, 1, 1, 1, 1, 1, 1, 4,
 4, 1, 7, 1, 1, 5, 1, 1, 1, 1, 1, 1, 4, 4, 1, 1, 1, 4, 4, 1, 4, 4, 4, 4, 4,
 4, 1, 1, 1, 1, 4, 1, 4, 4, 4, 4, 1, 4, 4, 1, 1, 1,16, 1, 1, 1, 1, 1, 1, 4,
 4, 4, 4, 4, 4, 4, 1, 4, 1, 4, 4, 1, 4, 4, 4, 4, 4, 4, 4, 4, 4, 4, 4, 1, 4,
 4, 1, 1, 1, 1, 1, 1, 4, 1, 1, 1, 1, 1, 1, 1, 1, 1, 1, 1, 1, 4, 1, 4, 1, 4,
 4, 1, 4, 4, 4, 1, 4, 4, 4, 4, 4, 4, 4, 4, 4, 4, 4, 4, 4, 1, 4, 1, 4, 1, 4,
 4, 1, 4, 1, 4, 1, 4, 1, 1, 1, 1, 1, 1, 1, 1, 1, 1, 1, 4, 1, 4, 1, 4, 1, 4,
 4, 1, 4, 1, 1, 1, 4, 1, 4, 4, 4, 4,16, 4, 4, 4, 4, 1, 4, 1, 4, 1, 4, 1, 4,
 4, 1, 4, 4, 4, 4, 4, 1, 4, 1, 1, 1, 1, 1, 1, 1, 4, 1, 4, 1, 4, 1, 4, 1, 4,
 4, 1, 1, 1, 1, 1, 4, 1, 4, 1, 0, 0, 0, 0, 0, 1, 4, 1, 4, 1, 1, 1, 1, 1, 4,
 4, 4, 4, 4, 4, 1, 4, 1, 4, 1, 0, 1, 1, 1, 0, 1, 4, 1, 4, 1, 4, 4, 4, 4, 4,
 4, 1, 1, 1, 4, 1, 4, 1,16, 1, 0, 1, 8, 1, 0, 1,16, 1, 4, 1, 5, 1, 1, 1, 4,
 4, 1, 4, 1, 4, 1, 4, 1, 4, 1, 0, 1, 1, 1, 0, 1, 4, 1, 4, 1, 4, 1, 1, 1, 4,
 4, 1, 4, 4, 4, 1, 4, 1, 4, 1, 0, 0, 0, 0, 0, 1, 4, 1, 4, 1, 4, 1, 1, 1, 4,
 4, 1, 1, 1, 1, 1, 4, 1, 4, 1, 1, 1, 1, 1, 1, 1, 4, 1, 4, 1, 4, 4, 4, 4, 4,
 4, 4, 4, 5, 4, 4, 4, 1, 4, 4, 4, 4,16, 4, 4, 4, 4, 1, 4, 1, 4, 1, 1, 1, 4,
 4, 1, 1, 1, 1, 1, 4, 1, 1, 1 ,1, 1, 1, 1, 1, 1, 1, 1, 4, 1, 4, 1, 4, 1, 4,
 4, 1, 4, 4, 4, 1, 4, 4, 4, 4, 4, 4, 1, 4, 4, 4, 4, 4, 4, 1, 4, 1, 4, 1, 4,
 4, 1, 4, 4, 4, 1, 1, 1, 1, 1, 1,16, 1, 4, 1, 1, 1, 1, 1, 1, 4, 1, 4, 1, 4,
 4, 5, 4, 4, 4, 1, 4, 4, 4, 4, 4, 4, 1, 4, 1, 4, 4, 4, 4, 4, 4, 1, 4, 1, 4,
 4, 1, 1, 1, 4, 1, 1, 1, 1, 1, 1, 4, 1,16, 1, 4, 1, 1, 1, 1, 1, 1, 4, 1, 4,
 4, 1, 1, 1, 4, 4, 4, 4, 4, 4, 4, 4, 1, 4, 1, 4, 4, 4, 4, 4, 4, 4, 4, 1, 4,
 4, 1, 1, 1, 5, 1, 1, 1, 1, 1, 1, 1, 1, 4, 1, 1, 1, 1, 1, 1, 1, 1, 1, 1, 4,
 4, 4, 4, 4, 4, 4, 4, 4, 4, 4, 4, 4, 4, 4, 4, 4, 4, 4, 4, 4, 4, 4, 4, 4, 4
],
"tiles":"tiles0.png",
"water":"water0.png",
"entrance":[2,2],
"multiexit":[[24,24],[12,12]],
"items": [
{"kind":"PotionOfMight","x":15,"y":2},
{"kind":"PotionOfLevitation","x":22,"y":13},
{"kind":"Ration","x":2,"y":22}
],
"objects" : [
{"kind" : "Sign", "x" : 3, "y" : 3, "text" : "Это третий уровень в моде \"Maze\".\n\n *Нацарапано кривым почерком* Не везде можно пройти по земле..."}
]
}