{
"width":32,
"height":32,
"map":[ 4, 4, 4, 4, 4, 4, 4, 4, 4, 4, 4, 4, 4, 4, 4, 4, 4, 4, 4, 4, 4, 4, 4, 4, 4, 4, 4, 4, 4, 4, 4, 4,
 4, 7, 1, 4, 1, 4, 1, 1, 1,18, 1, 1, 1, 1, 4, 4, 1, 1, 1, 1, 1, 1, 4, 1, 4, 1, 1, 1, 1, 1, 1, 4,
 4, 1, 1, 1, 1, 4, 4, 1, 4, 4, 4, 1, 4, 1, 1, 4, 1, 4, 4, 4, 4, 1, 4, 4,13, 1, 1, 4, 1, 4, 4, 4,
 4, 4, 1, 4, 4, 4, 4, 1, 1, 1, 4, 4, 4, 4,16, 4, 1, 4, 1, 1, 1, 1, 1, 4, 4, 4, 1, 4, 1, 4, 1, 4,
 4, 1, 1, 1, 1, 1, 4, 4, 4, 4, 4, 4, 1, 1, 1, 4, 1, 4, 4, 4, 4, 4, 1, 1, 1, 4, 1, 4, 1, 1, 1, 4,
 4, 1, 4, 4, 4, 1, 1, 1, 1, 1, 1, 4, 4, 4, 1, 4, 1, 4, 1, 1, 1, 4, 1, 4, 1, 4, 1, 4, 4, 1, 4, 4,
 4, 1, 1, 4, 1, 4, 4, 4, 4, 4, 1, 1, 1, 4, 1, 4, 1, 1, 1, 4, 1, 4, 4, 4, 1, 1, 1, 1, 4, 1, 1, 4,
 4, 4, 1, 4,38, 4, 1, 1, 1, 4, 1, 4, 1, 4, 1, 4, 1, 1, 1, 4, 1, 1, 1, 4, 4, 4, 1, 1, 4, 4, 1, 4,
 4, 4, 1, 1, 1, 1, 1, 4, 1, 4, 1, 4, 1, 4, 1, 4, 4, 4, 4, 4, 4, 4,28, 1, 4, 4, 4, 1, 1, 1, 1, 4,
 4, 4, 1, 4, 4, 4, 4, 4, 1, 4, 1, 4, 1, 4, 1, 1, 1, 4, 1, 1, 1, 4, 4, 1, 4, 1, 4, 4, 1, 4, 1, 4,
 4, 1, 1, 4, 1, 1, 1, 1, 1, 4, 1, 4, 1, 1, 1, 4, 1, 4, 1, 4, 1, 1, 4, 1, 4, 1, 1, 1, 1, 4, 1, 4,
 4, 1, 4, 4, 1, 4, 1, 4, 4, 4, 1, 4, 1, 4, 4, 4, 1, 4, 1, 4, 4, 1, 4, 1, 4, 4, 1, 4, 1, 1, 1, 4,
 4, 1, 1, 1, 1, 4, 1, 4, 1, 1, 1, 4, 1, 4, 1, 1, 1, 1, 1, 1, 4, 1, 4, 1, 4, 4, 1, 4, 4, 4, 4, 4,
 4, 4, 4, 4, 4, 4, 1, 4, 1, 4, 4, 4, 1, 4, 1, 4, 1, 4, 4, 1, 4, 1, 1, 1, 4, 4, 1, 1, 1, 4, 1, 4,
 4, 1, 1, 1, 1, 1, 1, 4, 1, 4, 1, 1, 1, 4, 1, 4, 4, 4, 1, 1, 4, 4, 4, 4, 4,16, 4, 1, 4, 4, 1, 4,
 4, 1, 4, 1, 1, 4, 1, 1, 1, 4, 1, 4, 4, 4, 1, 4, 1,33, 1, 4, 4, 1, 1, 1, 1, 1, 4, 4, 4, 1, 1, 4,
 4, 1, 4, 4, 1, 4, 1, 4, 4, 4, 1, 4, 1, 1, 1, 4, 1, 4, 1, 4, 4, 4, 4, 1, 4, 1, 1, 1, 1, 1, 4, 4,
 4, 1, 1, 4, 1, 4, 1, 4, 1, 1, 1, 4, 1, 4, 4, 4,16, 4, 1, 4, 1, 1, 4, 4, 4, 4, 4, 1, 4, 4,16, 4,
 4, 4, 1, 4, 1, 1, 1, 1, 1, 4, 4, 4, 1, 4, 1, 1, 4, 1, 1, 4, 1, 1, 1, 1, 4, 1, 1, 1, 4, 1, 1, 4,
 4, 4,10, 4, 4, 4, 4, 4, 4, 4, 1, 1, 1, 4, 4, 1, 4, 4, 4, 4, 1, 4, 4, 1, 4, 1, 4, 4, 4, 1, 4, 4,
 4, 1, 1, 1, 1, 1, 4, 1, 1, 1, 1, 4, 4, 4, 1, 4, 4, 1, 1, 1, 1, 1, 4, 1, 1, 1, 4, 1, 4, 1, 1, 4,
 4, 1, 1, 1, 1, 1, 4, 4, 1, 4, 4, 4, 1, 1, 4, 4, 4, 4, 4, 1, 4, 4, 4, 4, 4,20, 4, 1, 4, 4, 1, 4,
 4, 1, 1,28, 1, 1, 4, 4, 1, 1, 1, 1, 1, 4, 4, 1, 4, 1, 1, 1, 4, 1, 1, 1, 1, 1, 4, 1, 1, 4, 1, 4,
 4, 4, 4, 4, 4, 4, 1, 4, 4, 4, 4, 4, 4, 4, 1, 1, 4, 1, 4, 4, 4, 1, 4, 4, 4, 1, 4, 1, 4, 4, 1, 4,
 4, 1, 1, 4, 1, 1, 4, 4, 4, 1, 1, 1, 4, 1, 4, 1, 4, 1, 1, 1, 1, 1, 4, 1, 4, 4, 4, 1, 4, 1, 1, 4,
 4, 1, 4, 4, 1, 4, 4, 1, 4, 4, 4, 4, 1, 1, 4, 1, 4, 4, 4, 4, 4, 1, 4, 1, 1, 1, 1, 1, 4, 1, 4, 4,
 4, 1, 1, 1, 1, 4, 1, 1, 1, 1, 1, 4, 4, 1, 4, 1, 4, 1, 1, 1, 1, 1, 1, 1, 4, 4, 4, 1, 4, 1, 4, 4,
 4, 1, 4, 4, 1, 1, 1, 4, 4, 4, 1, 4, 1, 1, 4, 1, 4, 1, 4, 4, 4, 4, 4, 1, 4, 1, 1, 1, 4, 1, 4, 4,
 4, 1, 1, 4, 4, 4, 1, 1, 1, 1, 1, 4, 4, 4, 4, 1, 4, 1, 4, 1, 1, 1, 1, 1, 4, 1, 4, 1, 4, 0, 4, 4,
 4, 1, 4, 4, 1, 4, 4, 4, 4, 4, 4, 4, 1, 1, 1, 1, 4, 1, 4, 4, 4, 4, 4, 1, 4, 1, 4, 1, 4, 1, 1, 4,
 4, 1, 1, 1, 1, 1, 1, 1,18, 1, 1, 1, 1, 4, 1, 1, 4, 1, 1, 1, 1, 1, 1, 1, 4, 1, 1, 1, 4, 1, 8, 4,
 4, 4, 4, 4, 4, 4, 4, 4, 4, 4, 4, 4, 4, 4, 4, 4, 4, 4, 4, 4, 4, 4, 4, 4, 4, 4, 4, 4, 4, 4, 4, 4
],
"tiles":"tiles0.png",
"water":"water0.png",
"entrance":[1,1],
"multiexit":[[31,31],[30,30]],
"items": [
{"kind":"PotionOfLevitation","x":23,"y":1},
{"kind":"PotionOfMight","x":4,"y":29},
{"kind":"Ration","x":28,"y":22},
{"kind":"IronKey","x":6,"y":1}
]
}