﻿{
"width":30,
"height":30,
"map":[ 4, 4, 4, 4, 4, 4, 4, 4, 4, 4, 4, 4, 4, 4, 4, 4, 4, 4, 4, 4, 4, 4, 4, 4, 4, 4, 4, 4, 4, 4,
 4, 4, 4, 4, 4, 4, 4, 4, 4, 4, 4, 4, 4, 4, 4, 4, 4, 4, 4, 4, 4, 4, 4, 4, 4, 4, 4, 4, 4, 4,
 4, 7, 1, 1, 4, 1, 1, 1, 1, 1, 1, 1, 1, 1, 4, 1, 1, 1, 1, 1, 1, 1, 1, 1, 1, 1, 1, 1, 1, 4,
 4, 1, 4, 1, 4, 1, 4, 4, 4, 1, 4, 4, 4, 1, 4, 1, 4, 4, 4, 4, 4, 4, 4, 4, 4, 4, 1, 4, 1, 4,
 4, 1, 4, 1, 1, 1, 1, 1, 4, 1, 1, 1, 4, 1, 1, 1, 4, 1, 4, 1, 1, 1, 4, 1, 1, 1, 1, 4, 1, 4,
 4, 1, 1, 1, 4, 1, 4, 1, 4, 4, 4, 1, 4, 4, 4, 4, 1, 1, 1, 1, 1, 1, 4, 1, 4, 4, 4, 4, 1, 4,
 4, 1, 4, 1, 4, 1, 4, 1, 1, 1, 4, 1, 1, 1, 1, 1, 4, 4, 4, 4, 4, 1, 1, 1, 4, 4, 4, 4, 1, 4,
 4, 1, 4, 1, 4, 1, 4, 4, 4, 1, 4, 4, 1, 4, 4, 1, 4, 1, 1, 1, 4, 1, 4, 4, 4, 1, 4, 1, 1, 4,
 4, 1, 1, 1, 4, 1, 4, 1, 1, 1, 4, 1, 1, 1, 4, 1, 1, 1, 4, 1, 4, 4, 1, 1, 1, 4, 4, 4, 1, 4,
 4, 4, 4, 4, 4, 1, 4, 1, 4, 4, 4, 1, 4, 1, 4, 4, 4, 4, 4, 1, 1, 4, 4, 4, 4, 4, 4, 4, 4, 4,
 4, 1, 1, 1, 1, 1, 4, 1, 1, 1, 1, 1, 4, 1, 1, 1, 4, 1, 4, 4, 1, 1, 1, 1, 1, 1, 1, 1, 1, 4,
 4, 1, 4, 4, 4, 1, 4, 4, 4, 4, 4, 4, 4, 4, 4, 1, 1, 1, 1, 4, 4, 4, 4, 1, 4, 4, 1, 4, 1, 4,
 4, 1, 4, 1, 4, 1, 1, 1, 1, 4, 4, 1, 1, 1, 4, 4, 4, 4, 4,16, 4, 1, 4, 1, 4, 1, 1, 4, 1, 4,
 4,16, 4, 4, 1, 1, 4, 4, 1, 1, 4, 1, 4, 1, 1, 1, 1, 1, 4, 1, 4, 1, 1, 1, 4, 1, 4, 4, 1, 4,
 4, 4, 1, 4, 4, 1, 1, 4, 4, 1, 1, 1, 4, 1, 4, 4, 4, 1, 4, 4, 4, 4, 4, 4, 4, 1, 4, 1, 1, 4,
 4, 4, 4, 1, 4, 4, 1, 1, 4, 4, 4, 4, 4, 1, 1, 1, 4, 1, 1, 1, 1, 1, 1, 1, 1, 1, 1, 4, 4, 4,
 4, 4, 4, 4, 1, 4, 4, 1, 1, 4, 1, 1, 4, 1, 4, 1, 4, 4, 4, 4, 4, 4, 1, 4, 4, 4, 4, 4, 1, 4,
 4, 4, 4, 4, 4,16 ,4 ,4 ,1 ,1, 1, 4, 4, 1, 4, 4, 4, 4, 2, 2, 2, 4, 1, 4, 4, 1, 1, 1, 1, 4,
 4, 2, 4, 2, 4, 4, 2, 4, 1, 4, 4, 4, 1, 1, 1, 4, 2, 2, 2, 4, 2, 4, 1, 1, 1, 1, 4, 4, 1, 4,
 4, 2, 4, 2, 2, 4, 2, 4, 1, 1, 4, 1, 1, 4, 4, 4, 4, 4, 4, 4, 2, 4, 4, 4, 4, 4, 4, 4, 1, 4,
 4, 2, 4, 4, 2, 4, 2, 4, 4, 1, 1, 1, 4, 4, 2, 2, 2, 2, 2, 2, 2, 4, 1, 1, 1, 1, 1, 1, 1, 4,
 4, 4, 2, 4, 4, 4, 4, 2, 2, 2, 2, 2, 2, 2, 2, 2, 2, 2, 2, 2, 2, 2, 2, 2, 2, 2, 2, 2, 2, 4,
 4, 2, 2, 2, 2, 2, 2, 2, 4, 4, 4, 2, 4, 4, 4, 4, 4, 2, 4, 4, 4, 4, 4, 4, 2, 4, 4, 4, 1, 4,
 4, 2, 4, 2, 4, 4, 4, 4, 4, 2, 2, 2, 4, 2, 2, 2, 4, 2, 2, 2, 4, 2, 2, 2, 2, 4, 4, 4, 4, 4,
 4, 2, 2, 2, 4, 2, 2, 2, 2, 2, 4, 4, 4, 2, 4, 2, 4, 4, 4, 2, 4, 4, 4, 4, 4, 4, 2, 2, 2, 4,
 4, 4, 4, 4, 4, 2, 4, 4, 4, 2, 4, 2, 2, 2, 4, 2, 4, 2, 2, 2, 4, 2, 2, 2, 2, 2, 2, 4, 2, 4,
 4, 2, 2, 2, 2, 2, 2, 2, 2, 2, 2, 2, 4, 2, 2, 2, 4, 2, 4, 4, 4, 2, 4, 4, 2, 4, 4, 4, 2, 4,
 4, 2, 4, 4, 4, 4, 4, 4, 4, 2, 4, 4, 4, 4, 4, 4, 4, 2, 4, 2,16, 2, 2, 4, 2, 4, 2, 4,13, 4,
 4, 2, 2, 2, 2, 2, 2, 1, 4, 2, 2, 2, 2, 2, 2, 2, 2, 2, 2, 2, 4, 4, 2, 2, 2,10,19, 4, 8, 4,
 4, 4, 4, 4, 4, 4, 4, 4, 4, 4, 4, 4, 4, 4, 4, 4, 4, 4, 4, 4, 4, 4, 4, 4, 4, 4, 4, 4, 4, 4
],
"tiles":"tiles0.png",
"water":"water0.png",
"entrance":[1,2],
"multiexit":[[29,29],[28,28]],
"items": [
{"kind":"IronKey","x":19,"y":13},
{"kind":"PotionOfMight","x":28,"y":8}
]
}
