{
"width":24,
"height":24,
"map":[ 4, 4, 4, 4, 4, 4, 4, 4, 4, 4, 4, 4, 4, 4, 4, 4, 4, 4, 4, 4, 4, 4, 4, 4,
 4, 4, 4, 4, 4, 8, 4, 4, 4, 4, 4, 4, 0, 0, 0, 0, 0, 0, 0, 0, 4, 4, 4, 4,
 4, 4, 4, 4, 4, 1, 4, 4, 4, 4, 4, 4, 0, 0, 0, 0, 0, 0, 0, 0, 4, 4, 4, 4,
 4, 4, 4, 4, 4,16, 4, 4, 4, 4, 4, 4, 0, 0, 0, 0, 0, 0, 0, 0, 4, 4, 4, 4,
 4, 1, 1, 1, 1, 1, 1, 1, 1, 0, 0, 4, 0, 0, 0, 0, 0, 0, 0, 0, 4, 4, 4, 4,
 4, 1, 4, 4, 4, 4, 4, 4, 4, 4, 0, 4, 0, 0, 0, 0, 0, 0, 0, 0, 4, 4, 4, 4,
 4, 1, 1, 1, 1, 1, 1, 1, 1, 4,33, 4, 0, 0, 0, 0, 0, 0, 0, 0, 4, 4, 4, 4,
 4, 4, 4, 4, 4, 4, 4, 4, 1, 4,16, 4, 0, 0, 0, 0, 0, 0, 0, 0, 4, 4, 4, 4,
 4, 1, 1, 1,18, 1, 1, 1, 1, 4, 1,16, 1, 0, 0, 0, 0, 0, 0, 0, 4, 4, 4, 4,
 4, 4, 4, 4, 4, 4, 4, 4, 4, 4,16, 4, 4, 4, 4, 4, 4, 4,10, 4, 4, 4, 4, 4,
 4, 7, 4, 1, 4, 1, 1, 1, 4, 0, 1, 0, 1, 0, 1, 0, 1, 0, 1, 0, 4, 4, 4, 4,
 4, 1, 4, 1, 4, 4, 4, 1, 4, 0, 0, 0, 0, 0, 0, 0, 0, 0, 0, 0, 4, 4, 4, 4,
 4, 1, 4, 1, 4, 1, 1, 1, 4, 1, 0, 0, 0, 0, 0, 0, 0, 1, 0, 0, 4, 4, 4, 4,
 4, 1,16, 1, 1, 1, 4, 4, 4, 0, 0, 0, 4, 0, 0, 0, 0, 0, 0, 0, 4, 4, 4, 4,
 4, 0, 4, 1, 4, 1, 4, 1, 4, 1, 0, 0, 1, 0, 0, 0, 0, 0, 0, 0, 4, 4, 4, 4,
 4, 0,16, 1, 4, 1, 4, 1, 4, 0, 0, 0, 0, 0, 0, 4, 0, 0, 0, 0, 4, 4, 4, 4,
 4, 0, 4, 1, 4, 1, 1, 1, 4, 1, 0, 0, 0, 0, 0,18, 0, 0, 0, 0, 4, 4, 4, 4,
 4, 1, 4,38, 4, 4,16, 4, 4, 0, 0, 0, 0, 0, 0, 0, 0, 0, 0, 0, 4, 4, 4, 4,
 4, 1, 4, 1, 4, 1, 1, 1, 4, 1, 0, 0, 4, 0, 0, 0, 0, 0, 0, 0, 4, 4, 4, 4,
 4,18, 4, 4, 4, 4, 4, 4, 4, 0, 0, 0, 1, 0, 0, 0, 4, 0, 0, 0, 4, 4, 4, 4,
 4, 1,13, 4, 4, 1, 4, 1,16, 1, 0, 0, 0, 0, 0, 0, 1, 0, 0, 0, 4, 4, 4, 4,
 4, 1, 4, 4, 4, 0, 4, 4, 4, 0, 0, 0, 0, 0, 0, 0, 0, 0, 0, 0, 4, 4, 4, 4,
 4, 1, 1, 1, 1, 1, 1, 1, 1, 1, 1, 1, 1, 1, 1, 1, 1, 1, 1, 1, 4, 4, 4, 4,
 4, 4, 4, 4, 4, 4, 4, 4, 4, 4, 4, 4, 4, 4, 4, 4, 4, 4, 4, 4, 4, 4, 4, 4
],
"tiles":"tiles0.png",
"water":"water0.png",
"entrance":[1,10],
"multiexit":[[23,23],[5,1]],
"mobs" : [
{"kind":"Eye","x":20,"y":1}
],
"items": [
{"kind":"WandOfBlink","x":5,"y":18},
{"kind":"PotionOfLiquidFlame","x":5,"y":20},
{"kind":"PotionOfMight","x":7,"y":20}
]
}