{
   "Levels":{
      "0":{"kind":"SewerLevel", "depth":0,        "size":[0,0]},
      "1":{"kind":"PredesignedLevel", "depth":1,  "size":[20,20], "file":"levelsDesc/1.json"},
      "0a":{"kind":"PredesignedLevel", "depth":1,  "size":[3,3], "file":"levelsDesc/0.json"},
      "2":{"kind":"PredesignedLevel", "depth":2,  "size":[25,25], "file":"levelsDesc/2.json"},
      "3":{"kind":"PredesignedLevel", "depth":3,  "size":[25,25], "file":"levelsDesc/3.json"},
      "4":{"kind":"PredesignedLevel", "depth":4,  "size":[35,35], "file":"levelsDesc/4.json"},
      "5":{"kind":"PredesignedLevel", "depth":5,  "size":[32,32], "file":"levelsDesc/5.json"},
      "6":{"kind":"PredesignedLevel", "depth":6,  "size":[30,30], "file":"levelsDesc/6.json"},
      "7":{"kind":"PredesignedLevel", "depth":7,  "size":[27,27], "file":"levelsDesc/7.json"},
      "8":{"kind":"PredesignedLevel", "depth":8,  "size":[24,24], "file":"levelsDesc/8.json"},
      "9":{"kind":"PredesignedLevel", "depth":9,  "size":[27,27], "file":"levelsDesc/9.json"},
      "10":{"kind":"PredesignedLevel", "depth":10,  "size":[36,36], "file":"levelsDesc/10.json"},
      "11":{"kind":"PredesignedLevel", "depth":11,  "size":[34,34], "file":"levelsDesc/11.json"},
      "12":{"kind":"PredesignedLevel", "depth":12,  "size":[34,34], "file":"levelsDesc/12.json"},
      "13":{"kind":"PredesignedLevel", "depth":13,  "size":[36,36], "file":"levelsDesc/13.json"},
      "14":{"kind":"PredesignedLevel", "depth":14,  "size":[37,37], "file":"levelsDesc/14.json"},
      "15":{"kind":"PredesignedLevel", "depth":15,  "size":[40,40], "file":"levelsDesc/15.json"},
      "16":{"kind":"PredesignedLevel", "depth":16,  "size":[40,40], "file":"levelsDesc/16.json"},
      "17":{"kind":"PredesignedLevel", "depth":17,  "size":[100,40], "file":"levelsDesc/17.json"},
      "18":{"kind":"PredesignedLevel", "depth":18,  "size":[48,48], "file":"levelsDesc/18.json"},
      "19":{"kind":"PredesignedLevel", "depth":19,  "size":[40,40], "file":"levelsDesc/19.json"},
      "20":{"kind":"PredesignedLevel", "depth":20,  "size":[46,46], "file":"levelsDesc/20.json"},
      "20t":{"kind":"PredesignedLevel", "depth":20,  "size":[31,31], "file":"levelsDesc/20t.json"}
   },
   "Graph":{
      "0":[["1"],[]],
      "1":[["0a","2"],["0"]],
      "2":[["0a","3"],["1"],[2]],
      "3":[["0a","4"],["2"],[2]],
      "4":[["0a","5"],["3"],[2]],
      "5":[["0a","6"],["4"],[2]],
      "6":[["0a","7"],["5"],[2]],
      "7":[["0a","8"],["6"],[2]],
      "8":[["0a","9"],["7"],[2]],
      "9":[["0a","10"],["8"],[2]],
      "10":[["0a","11"],["9"],[2]],
      "11":[["0a","12"],["10"],[2]],
      "12":[["0a","13"],["11"],[2]],
      "13":[["0a","14"],["12"],[2]],
      "14":[["0a","15"],["13"],[2]],
      "15":[["0a","16"],["14"],[2]],
      "16":[["0a","17"],["15"],[2]],
      "17":[["0a","18"],["16"],[2]],
      "18":[["0a","19"],["17"],[2]],
      "19":[["0a","20"],["18"],[2]],
      "20":[["0a","20t"],["19"],[2]],
      "20t":[["0a","20"],["20"],[2]]
   },
   "Entrance":"0"
}